{
    "HAUGESUND": 0.18604651162790697,
    "BODO/GLIMT": 0.627906976744186,
    "KRISTIANSUND BK": 0.10714285714285714,
    "BRANN": 0.5,
    "STROMSGODSET": 0.23255813953488372,
    "SANDEFJORD": 0.18181818181818182,
    "SARPSBORG 08 FF": 0.3488372093023256,
    "HAM-KAM": 0.23255813953488372,
    "VIKING": 0.3953488372093023,
    "KFUM OSLO": 0.46153846153846156,
    "ROSENBORG": 0.27906976744186046,
    "LILLESTROM": 0.3488372093023256,
    "ODD BALLKLUBB": 0.23255813953488372,
    "MOLDE": 0.6046511627906976,
    "FREDRIKSTAD": 0.46153846153846156,
    "TROMSO": 0.37209302325581395,
    "VALERENGA": 0.3225806451612903,
    "AALESUND": 0.16666666666666666,
    "STABAEK": 0.06666666666666667,
    "JERV": 0.06666666666666667,
    "KONGSVINGER": 0.0
}