{
    "ODD BALLKLUBB": 0.4186046511627907,
    "FREDRIKSTAD": 0.46153846153846156,
    "LILLESTROM": 0.4883720930232558,
    "TROMSO": 0.4883720930232558,
    "MOLDE": 0.6511627906976745,
    "ROSENBORG": 0.6511627906976745,
    "VIKING": 0.5348837209302325,
    "KFUM OSLO": 0.15384615384615385,
    "BODO/GLIMT": 0.6744186046511628,
    "KRISTIANSUND BK": 0.3103448275862069,
    "STROMSGODSET": 0.46511627906976744,
    "HAUGESUND": 0.3953488372093023,
    "SARPSBORG 08 FF": 0.3953488372093023,
    "HAM-KAM": 0.32558139534883723,
    "BRANN": 0.7142857142857143,
    "SANDEFJORD": 0.3181818181818182,
    "STABAEK": 0.4,
    "AALESUND": 0.3333333333333333,
    "VALERENGA": 0.36666666666666664,
    "JERV": 0.26666666666666666,
    "KONGSVINGER": 1.0
}