{
    "HAM-KAM": 1494.311671380385,
    "LILLESTROM": 1452.5274694636073,
    "MOLDE": 1541.3692421756768,
    "VALERENGA": 1496.6702065659426,
    "HAUGESUND": 1453.163261472429,
    "SANDEFJORD": 1473.8123518589498,
    "ODD BALLKLUBB": 1450.812480541498,
    "TROMSO": 1486.6955524010461,
    "SARPSBORG 08 FF": 1473.5217282551444,
    "VIKING": 1551.5240802726134,
    "AALESUND": 1492.0817248385097,
    "KRISTIANSUND BK": 1473.5846988391268,
    "JERV": 1499.5320145329345,
    "STROMSGODSET": 1499.6695559793127,
    "BODO/GLIMT": 1553.641086510556,
    "ROSENBORG": 1538.1410743284912,
    "KONGSVINGER": 1500,
    "STABAEK": 1495.8781130539223,
    "BRANN": 1573.326509400185,
    "FREDRIKSTAD": 1517.456438711809,
    "KFUM OSLO": 1482.2807394178603
}