{
    "HAM-KAM": 1496.7410287859063,
    "LILLESTROM": 1474.8576971429018,
    "MOLDE": 1519.5207563761955,
    "VALERENGA": 1498.6929932924324,
    "HAUGESUND": 1482.6688725488264,
    "SANDEFJORD": 1487.024546510661,
    "ODD BALLKLUBB": 1475.786869628049,
    "TROMSO": 1494.312087896329,
    "SARPSBORG 08 FF": 1493.2591340062115,
    "VIKING": 1523.1498250136717,
    "AALESUND": 1496.9183822613595,
    "KRISTIANSUND BK": 1488.817594508652,
    "JERV": 1499.820471086333,
    "STROMSGODSET": 1498.6881667955774,
    "BODO/GLIMT": 1523.3147751940037,
    "ROSENBORG": 1515.983077346187,
    "KONGSVINGER": 1500,
    "STABAEK": 1498.3966601236734,
    "BRANN": 1534.7984828352762,
    "FREDRIKSTAD": 1508.9974258099471,
    "KFUM OSLO": 1488.2511528378056
}