{
    "HAM-KAM": 1551.6918618758748,
    "LILLESTROM": 1533.7017052244514,
    "MOLDE": 1713.0764407191848,
    "VALERENGA": 1521.0214903405831,
    "HAUGESUND": 1514.652184178658,
    "SANDEFJORD": 1522.6902007919512,
    "ODD BALLKLUBB": 1519.1606826638786,
    "TROMSO": 1615.2073120399384,
    "SARPSBORG 08 FF": 1552.0010350725038,
    "VIKING": 1675.0916869712587,
    "AALESUND": 1442.7508793794032,
    "KRISTIANSUND BK": 1503.7308451198298,
    "JERV": 1411.4726531601877,
    "STROMSGODSET": 1571.5896574723056,
    "BODO/GLIMT": 1767.0739434211496,
    "ROSENBORG": 1647.7813091066553,
    "KONGSVINGER": 1499.7995630071136,
    "STABAEK": 1487.5397378765954,
    "BRANN": 1727.313486164627,
    "FREDRIKSTAD": 1601.0094241757527,
    "KFUM OSLO": 1561.9511508417306
}